,Simple Random Sampling,Systematic Sampling,Cluster Sampling,Stratified Sampling,Bootstrap Sampling
LogisticRegression,0.853448275862069,0.9170305676855895,0.9533527696793003,0.9051724137931034,0.9416666666666667
RandomForestClassifier,1.0,1.0,1.0,1.0,1.0
KNeighborsClassifier,0.9224137931034483,0.9716157205240175,0.9737609329446064,0.9224137931034483,0.9416666666666667
DecisionTreeClassifier,0.9741379310344828,0.9912663755458515,0.9970845481049563,0.9655172413793104,1.0
XGBClassifier,0.9568965517241379,0.9978165938864629,0.9970845481049563,0.9913793103448276,0.9833333333333333
